result,wind,nation,venue,date,sex,code,firstname,lastname,age,yearOfBirth,venueCountry,venueCity,stadium,environment,discipline,type
6.65,1.0,AUS,Kerryn McCann Athletic Centre,2024-01-13,Male,AL,Jake,Penny,28.0,1996.0,AUS,Wollongong,Kerryn McCann Athletic Centre,Outdoor,60M,6
1:16.29,,AUS,The Crest Athletics Centre,2024-02-22,Male,AL,Ian,Halpin,31,1993,AUS,"Bankstown, Sydney",The Crest Athletics Centre,Outdoor,600,6
14:57.54,,AUS,Lakeside Stadium,2024-02-15,Female,AL,Rose,Davies,25.0,1999.0,AUS,Melbourne,Lakeside Stadium,Outdoor,5K0,6
6:56.76,,AUS,Queensland Sport and Athletics Centre,2024-02-24,Female,AL,Milla,Roberts,17.0,2007.0,AUS,"Nathan, Brisbane",Queensland Sport and Athletics Centre,Outdoor,2KH,6
3:03.88,,AUS,Queensland Sport and Athletics Centre,2024-02-24,Male,AL,,,,,AUS,"Nathan, Brisbane",Queensland Sport and Athletics Centre,Outdoor,4×4,6
9:42.71,,AUS,SA Athletic Stadium,2024-02-10,Female,AL,Cara,Feain-Ryan,25.0,1999.0,AUS,Adelaide,SA Athletic Stadium,Outdoor,3KH,6
21:42.01,,AUS,Lakeside Stadium,2024-02-24,Female,AL,Rebecca,Henderson,23.0,2001.0,AUS,Melbourne,Lakeside Stadium,Outdoor,5G,6
69.72,,NZL,Hawke's Bay Sports Park,2024-01-20,Male,AL,Anthony,Nobilo,25,1999,NZL,Hastings,Hawke's Bay Sports Park,Outdoor,HAM,6
13.79,1.1,AUS,Kerryn McCann Athletic Centre,2024-01-19,Male,AL,Tayleb,Willis,21.0,2003.0,AUS,Wollongong,Kerryn McCann Athletic Centre,Outdoor,11H,6
6.5,0.7,AUS,Lakeside Stadium,2024-02-15,Female,AL,Samantha,Dale,23.0,2001.0,AUS,Melbourne,Lakeside Stadium,Outdoor,WEI,6
7.71,,AUS,Track & Field complex QAZAQSTAN,2024-01-27,Male,AL,Chris,Douglas,27,1997,KAZ,Astana,Track & Field complex QAZAQSTAN,Indoor,60H,6
38.43,,AUS,Queensland Sport and Athletics Centre,2024-02-24,Male,AL,,,,,AUS,"Nathan, Brisbane",Queensland Sport and Athletics Centre,Outdoor,4×1,6
51.77,,AUS,Douglas Track & Field,2024-03-10,Female,AL,Ellie,Beer,21.0,2003.0,NZL,Auckland,Douglas Track & Field,Outdoor,400,6
7:34.88,,NZL,Armory Track&Field Center,2024-02-11,Male,AL,Geordie,Beamish,28.0,1996.0,USA,"New York, NY",Armory Track&Field Center,Indoor,3K0,6
3:21.26,,AUS,Lakeside Stadium,2024-02-15,Mixed,AL,,,,,AUS,Melbourne,Lakeside Stadium,Outdoor,4×4,6
65.93,,NZL,SA Athletic Stadium,2024-02-10,Male,AL,Connor,Bell,23.0,2001.0,AUS,Adelaide,SA Athletic Stadium,Outdoor,DIS,6
20.61,0.9,AUS,AIS Athletics Track,2024-01-28,Male,AL,Christopher,Ius,24.0,2000.0,AUS,Canberra,AIS Athletics Track,Outdoor,200,6
70.59,,NZL,Nga Puna Wai Sports Hub,2024-02-24,Female,AL,Lauren,Bruce,27.0,1997.0,NZL,Christchurch,Nga Puna Wai Sports Hub,Outdoor,HAM,6
45.57,,AUS,AIS Athletics Track,2024-03-02,Male,AL,Luke,Van Ratingen,23.0,2001.0,AUS,Canberra,AIS Athletics Track,Outdoor,400,6
1:26.97,,AUS,SPIRE Institute Indoor Track & Field Facility,2024-02-24,Female,AL,Hayley,Kitching,20.0,2004.0,USA,"Geneva, OH",SPIRE Institute Indoor Track & Field Facility,Indoor,600,6
10.15,1.9,AUS,AIS Athletics Track,2024-01-27,Male,AL,Jacob,Despard,28.0,1996.0,AUS,Canberra,AIS Athletics Track,Outdoor,100,6
10.15,1.9,AUS,AIS Athletics Track,2024-01-27,Male,AL,Joshua,Azzopardi,25.0,1999.0,AUS,Canberra,AIS Athletics Track,Outdoor,100,6
10.15,1.9,AUS,AIS Athletics Track,2024-01-27,Male,AL,Alexander,Colgan,20.0,2004.0,AUS,Canberra,AIS Athletics Track,Outdoor,100,6
35:15.84,,NZL,The Caledonian Ground,2024-01-13,Female,AL,Anneke,Arlidge,28.0,1996.0,NZL,Dunedin,The Caledonian Ground,Outdoor,10K,6
29:29.37,,NZL,The Caledonian Ground,2024-01-13,Male,AL,Michael,Voss,27.0,1997.0,NZL,Dunedin,The Caledonian Ground,Outdoor,10K,6
1:45.41,,AUS,SA Athletic Stadium,2024-02-10,Male,AL,Peyton,Craig,19.0,2005.0,AUS,Adelaide,SA Athletic Stadium,Outdoor,800,6
43:14.78,,AUS,AIS Athletics Track,2024-01-27,Female,AL,Jemima,Montag,26.0,1998.0,AUS,Canberra,AIS Athletics Track,Outdoor,10G,6
2:34.71,,AUS,Dempsey Indoor,2024-01-26,Female,AL,Jessica,Hull,28.0,1996.0,USA,"Seattle, WA",Dempsey Indoor,Indoor,1K0,6
2:16.95,,AUS,Boston Univ. Track & Tennis Center,2024-02-10,Male,AL,Jack,Anstey,27.0,1997.0,USA,"Boston, MA",Boston Univ. Track & Tennis Center,Indoor,1K0,6
7.06,,NZL,Glasgow Arena,2024-03-02,Female,AL,Zoe,Hobbs,27.0,1997.0,GBR,Glasgow,Glasgow Arena,Indoor,60M,6
7.96,0.6,AUS,Queensland Sport and Athletics Centre,2024-02-03,Male,AL,Henry,Frayne,34.0,1990.0,AUS,"Nathan, Brisbane",Queensland Sport and Athletics Centre,Outdoor,WEI,6
7.96,0.9,AUS,Lakeside Stadium,2024-02-15,Male,AL,Christopher,Mitrevski,28.0,1996.0,AUS,Melbourne,Lakeside Stadium,Outdoor,WEI,6
5.87,,AUS,Stabinski Velodrome,2024-02-14,Male,AL,Kurtis,Marschall,27.0,1997.0,FRA,Roubaix,Stabinski Velodrome,Indoor,STA,6
62.12,,AUS,Lakeside Stadium,2024-02-15,Female,AL,Kathryn,Mitchell,42.0,1982.0,AUS,Melbourne,Lakeside Stadium,Outdoor,SPE,6
3:33.30,,AUS,The Crest Athletics Centre,2024-02-22,Male,AL,Cameron,Myers,18.0,2006.0,AUS,"Bankstown, Sydney",The Crest Athletics Centre,Outdoor,1K5,6
19.62,,NZL,Glasgow Arena,2024-03-01,Female,AL,Maddison-Lee,Wesche,25.0,1999.0,GBR,Glasgow,Glasgow Arena,Indoor,KUG,6
2.36,,NZL,Glasgow Arena,2024-03-03,Male,AL,Hamish,Kerr,28.0,1996.0,GBR,Glasgow,Glasgow Arena,Indoor,HOC,6
4.84,,NZL,Arena Stade Couvert,2024-02-10,Female,AL,Eliza,Mccartney,28.0,1996.0,FRA,Liévin,Arena Stade Couvert,Indoor,STA,6
38:46.99,,AUS,AIS Athletics Track,2024-01-28,Male,AL,Kyle,Swan,25.0,1999.0,AUS,Canberra,AIS Athletics Track,Outdoor,10G,6
22.16,,NZL,Arena Stade Couvert,2024-02-10,Male,AL,Tom,Walsh,32,1992,FRA,Liévin,Arena Stade Couvert,Indoor,KUG,6
16.82,-0.4,AUS,Lakeside Stadium,2024-02-15,Male,AL,Connor,Murphy,23.0,2001.0,AUS,Melbourne,Lakeside Stadium,Outdoor,DRE,6
13:20.17,,NZL,Newtown Park Stadium,2024-02-02,Female,AL,Laura,Langley,27.0,1997.0,NZL,Wellington,Newtown Park Stadium,Outdoor,3G,6
18:28.47,,AUS,Lakeside Stadium,2024-02-24,Male,AL,Rhydian,Cowley,33.0,1991.0,AUS,Melbourne,Lakeside Stadium,Outdoor,5G,6
39.2,,AUS,Clemson Indoor Track & Field Complex,2024-01-13,Female,AL,Aleksandra,Stoilova,19,2005,USA,"Clemson, SC",Clemson Indoor Track & Field Complex,Indoor,300,6
44.49,,AUS,Douglas Track & Field,2024-03-10,Female,AL,,,,,NZL,Auckland,Douglas Track & Field,Outdoor,4×1,6
23.05,-1.5,AUS,SA Athletic Stadium,2024-02-10,Female,AL,Torrie,Lewis,19.0,2005.0,AUS,Adelaide,SA Athletic Stadium,Outdoor,200,6
55.37,,AUS,AIS Athletics Track,2024-03-02,Female,AL,Sarah,Carli,30.0,1994.0,AUS,Canberra,AIS Athletics Track,Outdoor,40H,6
8:32.19,,AUS,AIS Athletics Track,2024-03-02,Male,AL,Edward,Trippas,26.0,1998.0,AUS,Canberra,AIS Athletics Track,Outdoor,3KH,6
13.78,1.8,AUS,AIS Athletics Track,2024-03-02,Female,AL,Kayla,Cuba,25.0,1999.0,AUS,Canberra,AIS Athletics Track,Outdoor,DRE,6
7.97,,AUS,Glasgow Arena,2024-03-03,Female,AL,Michelle,Jenneke,31,1993,GBR,Glasgow,Glasgow Arena,Indoor,60H,6
50.33,,AUS,AIS Athletics Track,2024-03-02,Male,AL,Thomas,Hunt,23.0,2001.0,AUS,Canberra,AIS Athletics Track,Outdoor,40H,6
1:58.81,,AUS,AIS Athletics Track,2024-03-02,Female,AL,Claudia,Hollingsworth,19.0,2005.0,AUS,Canberra,AIS Athletics Track,Outdoor,800,6
13.01,0.2,AUS,AIS Athletics Track,2024-01-27,Female,AL,Danielle,Shaw,26.0,1998.0,AUS,Canberra,AIS Athletics Track,Outdoor,10H,6
4:01.19,,AUS,Armory Track&Field Center,2024-02-11,Female,AL,Jessica,Hull,28.0,1996.0,USA,"New York, NY",Armory Track&Field Center,Indoor,1K5,6
13:04.33,,NZL,Boston Univ. Track & Tennis Center,2024-01-26,Male,AL,Geordie,Beamish,28.0,1996.0,USA,"Boston, MA",Boston Univ. Track & Tennis Center,Indoor,5K0,6
6:25.53,,AUS,WA Sports Centre,2024-02-16,Male,AL,Nikil,Redipali,,,AUS,Perth,WA Sports Centre,Outdoor,2KH,6
4:19.03,,AUS,Armory Track&Field Center,2024-02-11,Female,AL,Jessica,Hull,28.0,1996.0,USA,"New York, NY",Armory Track&Field Center,Indoor,MEI,6
11.1,1.6,AUS,AIS Athletics Track,2024-01-27,Female,AL,Torrie,Lewis,19.0,2005.0,AUS,Canberra,AIS Athletics Track,Outdoor,100,6
58.69,,AUS,Queensland Sport and Athletics Centre,2024-01-27,Female,AL,Taryn,Gollshewsky,31.0,1993.0,AUS,"Nathan, Brisbane",Queensland Sport and Athletics Centre,Outdoor,DIS,6
76.51,,AUS,Domain Athletic Centre,2024-02-17,Male,AL,Hamish,Peacock,34.0,1990.0,AUS,Hobart,Domain Athletic Centre,Outdoor,SPE,6
11:25.70,,AUS,Queensland Sport and Athletics Centre,2024-02-03,Male,AL,Bailey,Housden,17.0,2007.0,AUS,"Nathan, Brisbane",Queensland Sport and Athletics Centre,Outdoor,3G,6
2.03,,AUS,AIS Athletics Track,2024-01-27,Female,AL,Nicola,Olyslagers,28.0,1996.0,AUS,Canberra,AIS Athletics Track,Outdoor,HOC,6
3:51.51,,AUS,Armory Track&Field Center,2024-03-02,Male,AL,Jack,Anstey,27.0,1997.0,USA,"New York, NY",Armory Track&Field Center,Indoor,MEI,6
8:24.39,,AUS,Glasgow Arena,2024-03-02,Female,AL,Jessica,Hull,28.0,1996.0,GBR,Glasgow,Glasgow Arena,Indoor,3K0,6
6.53,,ITA,Glasgow Arena,2024-03-01,Male,AL,Chituru,Ali,25.0,1999.0,GBR,Glasgow,Glasgow Arena,Indoor,60M,1
1:15.09,,RUS,SOK Luch,2024-01-07,Male,AL,Saveliy,Savlukov,24.0,2000.0,RUS,Yekaterinburg,SOK Luch,Indoor,600,1
14:46.37,,ESP,Boston Univ. Track & Tennis Center,2024-01-27,Female,AL,Marta,García,26.0,1998.0,USA,"Boston, MA",Boston Univ. Track & Tennis Center,Indoor,5K0,1
1:35.42,,GER,Quarterback Immobilien Arena,2024-02-18,Female,AL,,,,,GER,Leipzig,Quarterback Immobilien Arena,Indoor,4×2,1
3:02.54,,BEL,Glasgow Arena,2024-03-03,Male,AL,,,,,GBR,Glasgow,Glasgow Arena,Indoor,4×4,1
5:57.76,,POL,Hala COS OPO,2024-01-28,Female,AL,Julia,Jaguścik,21.0,2003.0,POL,Spala,Hala COS OPO,Indoor,2K0,1
20:50.56,,UKR,KMSHVSM Arena,2024-01-20,Female,AL,Lyudmila,Olyanovska,31,1993,UKR,Kyiv,KMSHVSM Arena,Indoor,5G,1
80.11,,BLR,Regional Sport Complex,2024-02-21,Male,AL,Aliaksandr,Shymanovich,26,1998,BLR,Brest,Regional Sport Complex,Outdoor,HAM,1
13.45,-2.1,FRA,WA Sports Centre,2024-02-25,Male,AL,Sasha,Zhoya,22,2002,AUS,Perth,WA Sports Centre,Outdoor,11H,1
6.95,,GER,Mercedes-Benz Arena,2024-02-23,Female,AL,Malaika,Mihambo,30.0,1994.0,GER,Berlin,Mercedes-Benz Arena,Indoor,WEI,1
7.43,,FRA,Arena Stade Couvert,2024-02-10,Male,AL,Just,Kwaou-Mathey,25,1999,FRA,Liévin,Arena Stade Couvert,Indoor,60H,1
7.43,,SUI,Athletik Zentrum,2024-02-18,Male,AL,Jason,Joseph,26,1998,SUI,St. Gallen,Athletik Zentrum,Indoor,60H,1
7.43,,ITA,Glasgow Arena,2024-03-02,Male,AL,Lorenzo,Ndele Simonelli,22,2002,GBR,Glasgow,Glasgow Arena,Indoor,60H,1
7.04,,AUT,GSG9-Halle,2024-01-16,Female,AL,Karin,Strametz,26.0,1998.0,AUT,Wien,GSG9-Halle,Indoor,50H,1
49.17,,NED,Glasgow Arena,2024-03-02,Female,AL,Femke,Bol,24.0,2000.0,GBR,Glasgow,Glasgow Arena,Indoor,400,1
7:30.14,,GBR,Armory Track&Field Center,2024-02-11,Male,AL,Josh,Kerr,27,1997,USA,"New York, NY",Armory Track&Field Center,Indoor,3K0,1
3:27.27,,IRL,National Indoor Arena,2024-02-28,Mixed,AL,,,,,IRL,"Abbotstown, Dublin",National Indoor Arena,Indoor,4×4,1
66.07,,ROU,Estádio Dr. Magalhães Pessoa,2024-03-09,Male,AL,Alin,Alexandru Firfirica,29.0,1995.0,POR,Leiria,Estádio Dr. Magalhães Pessoa,Outdoor,DIS,1
20.3,0.0,NED,McArthur Stadium,2024-02-14,Male,AL,Taymir,Burnet,32,1992,RSA,Potchefstroom,McArthur Stadium,Outdoor,200,1
73.28,,ROU,Stadionul Iolanda Balas Soter,2024-02-24,Female,AL,Bianca,Florentina Ghelber,34,1990,ROU,Bucureşti,Stadionul Iolanda Balas Soter,Outdoor,HAM,1
5:00.01,,SWE,Arena Stade Couvert,2024-02-10,Male,AL,Samuel,Pihlström,23,2001,FRA,Liévin,Arena Stade Couvert,Indoor,2K0,1
45.25,,BEL,Glasgow Arena,2024-03-02,Male,AL,Alexander,Doom,27,1997,GBR,Glasgow,Glasgow Arena,Indoor,400,1
1:26.38,,SUI,Halle End der Welt,2024-01-28,Female,AL,Audrey,Werro,20.0,2004.0,SUI,Magglingen,Halle End der Welt,Indoor,600,1
10.09,1.9,NED,McArthur Stadium,2024-02-14,Male,AL,Taymir,Burnet,32.0,1992.0,RSA,Potchefstroom,McArthur Stadium,Outdoor,100,1
32:14.43,,ESP,Estadi Municipal La Bòbila,2024-03-02,Female,AL,Carolina,Robles,33,1991,ESP,Gavá,Estadi Municipal La Bòbila,Outdoor,10K,1
27:53.26,,ESP,Estadi Municipal La Bòbila,2024-03-02,Male,AL,Ilias,Fifa,35.0,1989.0,ESP,Gavá,Estadi Municipal La Bòbila,Outdoor,10K,1
3:25.07,,NED,Glasgow Arena,2024-03-03,Female,AL,,,,,GBR,Glasgow,Glasgow Arena,Indoor,4×4,1
1:45.00,,ITA,Gallur,2024-02-23,Male,AL,Catalin,Tecuceanu,25,1999,ESP,Madrid,Gallur,Indoor,800,1
43:35.52,,FRA,AIS Athletics Track,2024-01-27,Female,AL,Clémence,Beretta,27,1997,AUS,Canberra,AIS Athletics Track,Outdoor,10G,1
2:37.57,,ESP,Centro de Tecnificación de Atletismo,2024-01-13,Female,AL,Esther,Guerrero,34.0,1990.0,ESP,Antequera,Centro de Tecnificación de Atletismo,Indoor,1K0,1
2:17.17,,BEL,Topsporthal Vlaanderen,2024-02-03,Male,AL,Pieter,Sisk,25.0,1999.0,BEL,Gent,Topsporthal Vlaanderen,Indoor,1K0,1
6.98,,POL,Glasgow Arena,2024-03-02,Female,AL,Ewa,Swoboda,27.0,1997.0,GBR,Glasgow,Glasgow Arena,Indoor,60M,1
8.34,,ITA,Palaindoor Ancona,2024-02-17,Male,AL,Mattia,Furlani,19.0,2005.0,ITA,Ancona,Palaindoor Ancona,Indoor,WEI,1
6.05,,SWE,Glasgow Arena,2024-03-03,Male,AL,Armand,Duplantis,25.0,1999.0,GBR,Glasgow,Glasgow Arena,Indoor,STA,1
61.69,,NOR,Estádio Dr. Magalhães Pessoa,2024-03-09,Female,AL,Marie-Therese,Obst,28.0,1996.0,POR,Leiria,Estádio Dr. Magalhães Pessoa,Outdoor,SPE,1
6.39,,SUI,Salle du Centre Mondial du Cyclisme,2024-01-20,Female,AL,Chloé,Rabac,19.0,2005.0,SUI,Aigle,Salle du Centre Mondial du Cyclisme,Indoor,50M,1
3:33.86,,GBR,Armory Track&Field Center,2024-02-11,Male,AL,George,Mills,25,1999,USA,"New York, NY",Armory Track&Field Center,Indoor,1K5,1
20.31,,NED,Omnisport,2024-02-17,Female,AL,Jessica,Schilder,25,1999,NED,Apeldoorn,Omnisport,Indoor,KUG,1
2.33,,RUS,Salyut Geraklion Arena,2024-01-28,Male,AL,Danil,Lysenko,27.0,1997.0,RUS,Moskva,Salyut Geraklion Arena,Indoor,HOC,1
4.86,,GBR,Complexe Kindarena,2024-02-24,Female,AL,Molly,Caudery,24.0,2000.0,FRA,Rouen,Complexe Kindarena,Indoor,STA,1
39:49.64,,UKR,KMSHVSM Arena,2024-02-03,Male,AL,Ivan,Banzeruk,34.0,1990.0,UKR,Kyiv,KMSHVSM Arena,Indoor,10G,1
22.37,,ITA,Arena Stade Couvert,2024-02-10,Male,AL,Leonardo,Fabbri,27.0,1997.0,FRA,Liévin,Arena Stade Couvert,Indoor,KUG,1
17.61,,ITA,Arena,2024-02-06,Male,AL,Andy,Díaz Hernández,29.0,1995.0,POL,Toruń,Arena,Indoor,DRE,1
12:17.95,,POR,Expocentro,2024-02-17,Female,AL,Vitória,Oliveira,32.0,1992.0,POR,Pombal,Expocentro,Indoor,3G,1
18:25.15,,ITA,Palaindoor Ancona,2024-02-17,Male,AL,Francesco,Fortunato,30.0,1994.0,ITA,Ancona,Palaindoor Ancona,Indoor,5G,1
35.52,,POL,McArthur Stadium,2024-01-30,Female,AL,Natalia,Kaczmarek,26.0,1998.0,RSA,Potchefstroom,McArthur Stadium,Outdoor,300,1
44.44,,EST,Botniahallen,2024-01-13,Female,AL,,,,,FIN,Mustasaari,Botniahallen,Outdoor,4×1,1
22.6,,GBR,Randal Tyson Indoor Center,2024-01-26,Female,AL,Amber,Anning,24.0,2000.0,USA,"Fayetteville, AR",Randal Tyson Indoor Center,Indoor,200,1
58.58,,FRA,Douglas Track & Field,2024-03-10,Female,AL,Loan,Ville,21,2003,NZL,Auckland,Douglas Track & Field,Outdoor,40H,1
9:42.14,,ESP,Lakeside Stadium,2024-02-25,Male,AL,Carlos,Rodriguez,32,1992,AUS,Melbourne,Lakeside Stadium,Outdoor,3KH,1
14.75,,ESP,Glasgow Arena,2024-03-03,Female,AL,Ana,Peleteiro-Compaoré,29,1995,GBR,Glasgow,Glasgow Arena,Indoor,DRE,1
7.73,,FRA,Glasgow Arena,2024-03-03,Female,AL,Cyréna,Samba-Mayela,24,2000,GBR,Glasgow,Glasgow Arena,Indoor,60H,1
53.49,,FRA,Pilditch Stadium,2024-03-02,Male,AL,Stephane,Yato,32,1992,RSA,Pretoria,Pilditch Stadium,Outdoor,40H,1
1:58.24,,GBR,Arena Birmingham,2024-02-18,Female,AL,Jemma,Reekie,26,1998,GBR,Birmingham,Arena Birmingham,Indoor,800,1
13.54,1.5,LUX,Nga Puna Wai Sports Hub,2024-02-24,Female,AL,Victoria,Rausch,28,1996,NZL,Christchurch,Nga Puna Wai Sports Hub,Outdoor,10H,1
4:03.22,,GBR,Sätrahallen,2024-02-03,Female,AL,Georgia,Bell,31.0,1993.0,SWE,Stockholm,Sätrahallen,Indoor,1K5,1
32.21,,NED,Pilditch Stadium,2024-02-17,Male,AL,Liemarvin,Bonevacia,35.0,1989.0,RSA,Pretoria,Pilditch Stadium,Outdoor,300,1
12:58.68,,GBR,Boston Univ. Track & Tennis Center,2024-01-26,Male,AL,George,Mills,25.0,1999.0,USA,"Boston, MA",Boston Univ. Track & Tennis Center,Indoor,5K0,1
5.93,,ITA,Palalottici,2024-01-27,Male,AL,Pietro,Bazzoni,24.0,2000.0,ITA,Parma,Palalottici,Indoor,50M,1
4:23.68,,SWE,Armory Track&Field Center,2024-02-11,Female,AL,Yolanda,Ngarambe,33.0,1991.0,USA,"New York, NY",Armory Track&Field Center,Indoor,MEI,1
11.17,-1.5,GER,McArthur Stadium,2024-02-06,Female,AL,Rebekka,Haase,31.0,1993.0,RSA,Potchefstroom,McArthur Stadium,Outdoor,100,1
66.6,,POR,Estádio Dr. Magalhães Pessoa,2024-03-10,Female,AL,Irina,Rodrigues,33.0,1991.0,POR,Leiria,Estádio Dr. Magalhães Pessoa,Outdoor,DIS,1
90.2,,GER,Werferzentrum Brandberge,2024-02-25,Male,AL,Max,Dehning,20.0,2004.0,GER,Halle,Werferzentrum Brandberge,Outdoor,SPE,1
10:44.00,,GER,Hartwig-Gauder-Halle,2024-02-02,Male,AL,Christopher,Linke,36.0,1988.0,GER,Erfurt,Hartwig-Gauder-Halle,Indoor,3G,1
2.04,,UKR,Lausitz-Arena,2024-01-31,Female,AL,Yaroslava,Mahuchikh,23.0,2001.0,GER,Cottbus,Lausitz-Arena,Indoor,HOC,1
6.99,,CRO,Velesajam Hall,2024-02-03,Male,AL,Lukas,Cik,22.0,2002.0,CRO,Zagreb,Velesajam Hall,Indoor,50H,1
3:48.93,,GBR,Armory Track&Field Center,2024-02-11,Male,AL,George,Mills,25.0,1999.0,USA,"New York, NY",Armory Track&Field Center,Indoor,MEI,1
1:25.40,,GER,Quarterback Immobilien Arena,2024-02-18,Male,AL,,,,,GER,Leipzig,Quarterback Immobilien Arena,Indoor,4×2,1
8:29.76,,GBR,Glasgow Arena,2024-03-02,Female,AL,Laura,Muir,31,1993,GBR,Glasgow,Glasgow Arena,Indoor,3K0,1
6.41,,USA,Glasgow Arena,2024-03-01,Male,AL,Christian,Coleman,28.0,1996.0,GBR,Glasgow,Glasgow Arena,Indoor,60M,2
1:14.03,,USA,Convention Center,2024-02-09,Male,AL,Brandon,Miller,21.0,2003.0,USA,"Albuquerque, NM",Convention Center,Indoor,600,2
14:46.51,,USA,Boston Univ. Track & Tennis Center,2024-01-27,Female,AL,Josette,Andrews,29.0,1995.0,USA,"Boston, MA",Boston Univ. Track & Tennis Center,Indoor,5K0,2
1:34.78,,INT,Armory Track&Field Center,2024-02-11,Female,AL,,,,,USA,"New York, NY",Armory Track&Field Center,Indoor,4×2,
7:12.40,,JAM,National Stadium,2024-02-03,Female,AL,Sushana,Johnson,17.0,2007.0,JAM,Kingston,National Stadium,Outdoor,2KH,2
3:02.35,,INT,The Track at New Balance,2024-03-09,Male,AL,,,,,USA,"Boston, MA",The Track at New Balance,Indoor,4×4,
8:44.66,,INT,Gately Indoor TF Center,2024-02-24,Female,AL,,,,,USA,"Chicago, IL",Gately Indoor TF Center,Indoor,4×8,
11:24.11,,USA,Jack Rose Track,2024-03-02,Female,AL,Allison,Montgomery,,,USA,"Long Beach, CA",Jack Rose Track,Outdoor,3KH,2
6:30.37,,CAN,Track and Field Centre,2024-01-13,Female,AL,Maria,Linton,,,CAN,Toronto,Track and Field Centre,Indoor,2K0,2
25:52.15,,MEX,Unidad Deportiva Agustín Flores,2024-02-04,Female,AL,Naomi,Luis,,,MEX,Puerto Vallarta,Unidad Deportiva Agustín Flores,Outdoor,5G,2
74.3,,MEX,Centro Deportivo Olímpico Mexicano,2024-01-20,Male,AL,Diego,Del Real,30.0,1994.0,MEX,Ciudad de México,Centro Deportivo Olímpico Mexicano,Outdoor,HAM,2
14.2,1.5,USA,Jack Rose Track,2024-03-02,Male,AL,Nnamdi,Onwaeze,,,USA,"Long Beach, CA",Jack Rose Track,Outdoor,11H,2
7:26.90,,USA,Gately Indoor TF Center,2024-02-24,Male,AL,,,,,USA,"Chicago, IL",Gately Indoor TF Center,Indoor,4×8,2
7.18,,USA,Convention Center,2024-02-16,Female,AL,Tara,Davis-Woodhall,25.0,1999.0,USA,"Albuquerque, NM",Convention Center,Indoor,WEI,2
7.27,,USA,Convention Center,2024-02-16,Male,AL,Grant,Holloway,27.0,1997.0,USA,"Albuquerque, NM",Convention Center,Indoor,60H,2
38.93,,JAM,GC Foster College,2024-01-20,Male,AL,,,,,JAM,Spanish Town,GC Foster College,Outdoor,4×1,2
50.24,,USA,Glasgow Arena,2024-03-02,Female,AL,Alexis,Holmes,24.0,2000.0,GBR,Glasgow,Glasgow Arena,Indoor,400,2
7:30.88,,USA,Armory Track&Field Center,2024-02-11,Male,AL,Grant,Fisher,27.0,1997.0,USA,"New York, NY",Armory Track&Field Center,Indoor,3K0,2
3:32.21,,PUR,Pista Atletica Raul Rodriguez,2024-03-09,Mixed,AL,,,,,PUR,Villalba,Pista Atletica Raul Rodriguez,Outdoor,4×4,2
67.83,,JAM,GC Foster College,2024-03-09,Male,AL,Traves,Smikle,32.0,1992.0,JAM,Spanish Town,GC Foster College,Outdoor,DIS,2
20.21,,USA,Arena Stade Couvert,2024-02-10,Male,AL,Erriyon,Knighton,20.0,2004.0,FRA,Liévin,Arena Stade Couvert,Indoor,200,2
20.21,,BAH,Sports Performance Center,2024-02-24,Male,AL,Terrence,Jones,22.0,2002.0,USA,"Lubbock, TX",Sports Performance Center,Indoor,200,2
58.15,,PUR,Pista UAGM/Albergue Olimpico,2024-03-09,Female,AL,Stephany,Rosario,24.0,2000.0,PUR,Salinas,Pista UAGM/Albergue Olimpico,Outdoor,HAM,2
44.49,,CAN,Randal Tyson Indoor Center,2024-02-24,Male,AL,Christopher,Morales-Williams,20.0,2004.0,USA,"Fayetteville, AR",Randal Tyson Indoor Center,Indoor,400,2
1:24.32,,USA,Convention Center,2024-02-09,Female,AL,Nia,Akins,26.0,1998.0,USA,"Albuquerque, NM",Convention Center,Indoor,600,2
10.15,1.8,JAM,National Stadium,2024-02-24,Male,AL,Nigel,Ellis,27.0,1997.0,JAM,Kingston,National Stadium,Outdoor,100,2
35:35.39,,MEX,Macrocentro Deportivo León,2024-01-19,Female,AL,Arian,Iveth Chia Hernández,23.0,2001.0,MEX,León,Macrocentro Deportivo León,Outdoor,10K,2
29:56.83,,MEX,Unidad Deportiva Agustín Flores,2024-02-04,Male,AL,Victor,Daniel Gomez,,,MEX,Puerto Vallarta,Unidad Deportiva Agustín Flores,Outdoor,10K,2
3:25.34,,USA,Glasgow Arena,2024-03-03,Female,AL,,,,,GBR,Glasgow,Glasgow Arena,Indoor,4×4,2
1:44.92,,USA,Glasgow Arena,2024-03-03,Male,AL,Bryce,Hoppel,27.0,1997.0,GBR,Glasgow,Glasgow Arena,Indoor,800,2
47:21.87,,MEX,Unidad Deportiva Agustín Flores,2024-02-03,Female,AL,Maria,Fernanda Santiago,20.0,2004.0,MEX,Puerto Vallarta,Unidad Deportiva Agustín Flores,Outdoor,10G,2
2:34.09,,USA,Dempsey Indoor,2024-01-26,Female,AL,Nikki,Hiltz,30.0,1994.0,USA,"Seattle, WA",Dempsey Indoor,Indoor,1K0,2
2:14.74,,CAN,The Track at New Balance,2024-02-04,Male,AL,Marco,Arop,26.0,1998.0,USA,"Boston, MA",The Track at New Balance,Indoor,1K0,2
6.98,,LCA,Glasgow Arena,2024-03-02,Female,AL,Julien,Alfred,23.0,2001.0,GBR,Glasgow,Glasgow Arena,Indoor,60M,2
8.4,,JAM,The Track at New Balance,2024-03-08,Male,AL,Wayne,Pinnock,24.0,2000.0,USA,"Boston, MA",The Track at New Balance,Indoor,WEI,2
6.0,,USA,Convention Center,2024-02-16,Male,AL,Christopher,Nilsen,26.0,1998.0,USA,"Albuquerque, NM",Convention Center,Indoor,STA,2
63.9,,CUB,Pista La Salobreja,2024-02-24,Female,AL,Yulenmis,Aguilar,28.0,1996.0,ESP,Jaén,Pista La Salobreja,Outdoor,SPE,2
6.33,,JAM,GSG9-Halle,2024-01-16,Female,AL,Christania,Williams,30.0,1994.0,AUT,Wien,GSG9-Halle,Indoor,50M,2
3:33.43,,USA,Armory Track&Field Center,2024-02-11,Male,AL,Yared,Nuguse,25.0,1999.0,USA,"New York, NY",Armory Track&Field Center,Indoor,1K5,2
20.22,,CAN,Glasgow Arena,2024-03-01,Female,AL,Sarah,Mitton,28.0,1996.0,GBR,Glasgow,Glasgow Arena,Indoor,KUG,2
2.33,,USA,Městská sportovní hala,2024-02-10,Male,AL,Shelby,Mcewen,28.0,1996.0,CZE,Hustopeče,Městská sportovní hala,Indoor,HOC,2
4.83,,CAN,Maison des Sports,2024-02-22,Female,AL,Alysha,Newman,30.0,1994.0,FRA,Clermont-Ferrand,Maison des Sports,Indoor,STA,2
4.83,,USA,Maison des Sports,2024-02-22,Female,AL,Bridget,Williams,28.0,1996.0,FRA,Clermont-Ferrand,Maison des Sports,Indoor,STA,2
38:25.42,,CAN,AIS Athletics Track,2024-01-28,Male,AL,Evan,Dunfee,34.0,1990.0,AUS,Canberra,AIS Athletics Track,Outdoor,10G,2
22.8,,USA,Convention Center,2024-02-17,Male,AL,Ryan,Crouser,32.0,1992.0,USA,"Albuquerque, NM",Convention Center,Indoor,KUG,2
16.88,,USA,Glasgow Arena,2024-03-02,Male,AL,Donald,Scott,32.0,1992.0,GBR,Glasgow,Glasgow Arena,Indoor,DRE,2
13:55.24,,USA,Convention Center,2024-02-16,Female,AL,Miranda,Melville,35.0,1989.0,USA,"Albuquerque, NM",Convention Center,Indoor,3G,2
35.75,,USA,The Track at New Balance,2024-02-04,Female,AL,Gabrielle,Thomas,28.0,1996.0,USA,"Boston, MA",The Track at New Balance,Indoor,300,2
45.25,,PUR,Pista Atletica Raul Rodriguez,2024-03-09,Female,AL,,,,,PUR,Villalba,Pista Atletica Raul Rodriguez,Outdoor,4×1,2
22.16,,LCA,Convention Center,2024-02-02,Female,AL,Julien,Alfred,23.0,2001.0,USA,"Albuquerque, NM",Convention Center,Indoor,200,2
58.02,,JAM,National Stadium,2024-03-02,Female,AL,Kelly,Ann Carr,18.0,2006.0,JAM,Kingston,National Stadium,Outdoor,40H,2
9:20.13,,PUR,Pista UAGM,2024-02-24,Male,AL,Paulo,Gomez,,,PUR,Gurabo,Pista UAGM,Outdoor,3KH,2
15.01,,DMA,Glasgow Arena,2024-03-03,Female,AL,Thea,Lafond,30.0,1994.0,GBR,Glasgow,Glasgow Arena,Indoor,DRE,2
7.65,,BAH,Glasgow Arena,2024-03-03,Female,AL,Devynne,Charlton,29.0,1995.0,GBR,Glasgow,Glasgow Arena,Indoor,60H,2
50.73,,JAM,National Stadium,2024-02-17,Male,AL,Antonio,Forbes,20.0,2004.0,JAM,Kingston,National Stadium,Outdoor,40H,2
1:58.27,,USA,Dempsey Indoor,2024-02-24,Female,AL,Nia,Akins,26.0,1998.0,USA,"Seattle, WA",Dempsey Indoor,Indoor,800,2
12.95,1.9,JAM,National Stadium,2024-03-03,Female,AL,Habiba,Harris,19.0,2005.0,JAM,Kingston,National Stadium,Outdoor,10H,2
4:00.34,,USA,Armory Track&Field Center,2024-02-11,Female,AL,Elle,St. Pierre,29.0,1995.0,USA,"New York, NY",Armory Track&Field Center,Indoor,1K5,2
32.36,,USA,Clemson Indoor Track & Field Complex,2024-01-13,Male,AL,Brian,Faust,25.0,1999.0,USA,"Clemson, SC",Clemson Indoor Track & Field Complex,Indoor,300,2
12:51.84,,USA,Boston Univ. Track & Tennis Center,2024-02-16,Male,AL,Grant,Fisher,27.0,1997.0,USA,"Boston, MA",Boston Univ. Track & Tennis Center,Indoor,5K0,2
5.76,,USA,Field House,2024-01-26,Male,AL,JaVaughn,Moore,24.0,2000.0,CAN,Saskatoon,Field House,Indoor,50M,2
6:06.79,,VIN,GC Foster College,2024-01-20,Male,AL,Nellie,Ambriton,20.0,2004.0,JAM,Spanish Town,GC Foster College,Outdoor,2KH,2
4:16.41,,USA,Armory Track&Field Center,2024-02-11,Female,AL,Elle,St. Pierre,29.0,1995.0,USA,"New York, NY",Armory Track&Field Center,Indoor,MEI,2
11.25,1.0,JAM,National Stadium,2024-03-01,Female,AL,Thieanna,Lee Terrelonge,17.0,2007.0,JAM,Kingston,National Stadium,Outdoor,100,2
63.76,,CUB,Pista Carlos Lopes,2024-01-20,Female,AL,Denia,Caballero,34.0,1990.0,POR,Torres Vedras,Pista Carlos Lopes,Outdoor,DIS,2
80.69,,GRN,Kirani James Athletic Stadium,2024-03-03,Male,AL,Anderson,Peters,27.0,1997.0,GRN,St. George's,Kirani James Athletic Stadium,Outdoor,SPE,2
11:56.06,,USA,Convention Center,2024-02-16,Male,AL,Nick,Christie,33,1991,USA,"Albuquerque, NM",Convention Center,Indoor,3G,2
2.0,,JAM,Randal Tyson Indoor Center,2024-02-24,Female,AL,Lamara,Distin,24.0,2000.0,USA,"Fayetteville, AR",Randal Tyson Indoor Center,Indoor,HOC,2
2.0,,USA,The Track at New Balance,2024-03-09,Female,AL,Rachel,Glenn,22.0,2002.0,USA,"Boston, MA",The Track at New Balance,Indoor,HOC,2
3:47.83,,USA,Armory Track&Field Center,2024-02-11,Male,AL,Yared,Nuguse,25.0,1999.0,USA,"New York, NY",Armory Track&Field Center,Indoor,MEI,2
1:25.65,,USA,Doug Shaw Memorial Stadium,2024-03-08,Male,AL,,,,,USA,"Myrtle Beach, SC",Doug Shaw Memorial Stadium,Outdoor,4×2,2
8:20.87,,USA,Glasgow Arena,2024-03-02,Female,AL,Elle,St. Pierre,29.0,1995.0,GBR,Glasgow,Glasgow Arena,Indoor,3K0,2
6.58,,BRA,Gobierno Autónomo Municipal de Cochabamba,2024-01-27,Male,AL,Felipe,Bardi,26.0,1998.0,BOL,Cochabamba,Gobierno Autónomo Municipal de Cochabamba,Indoor,60M,3
1:19.76,,VEN,Vanderbilt Multipurpose Facility,2024-02-09,Male,AL,José,Guillermo Peñalver,24,2000,USA,"Nashville, TN",Vanderbilt Multipurpose Facility,Indoor,600,3
16:40.37,,COL,Estadio de Atletismo La Flora,2024-03-03,Female,AL,Muriel,Coneo Paredes,37,1987,COL,Bucaramanga,Estadio de Atletismo La Flora,Outdoor,5K0,3
7:41.50,,VEN,Estadio Brigido Iriarte,2024-01-12,Female,AL,Albanis,Santana,,,VEN,Caracas,Estadio Brigido Iriarte,Outdoor,2KH,3
3:11.13,,INT,Clemson Indoor Track & Field Complex,2024-01-13,Male,AL,,,,,USA,"Clemson, SC",Clemson Indoor Track & Field Complex,Indoor,4×4,
10:30.58,,COL,Estadio de Atletismo La Flora,2024-03-01,Female,AL,Stefany,López Mendoza,22,2002,COL,Bucaramanga,Estadio de Atletismo La Flora,Outdoor,3KH,3
23:56.70,,CHI,Estadio Municipal de Coronel,2024-03-02,Female,AL,Anastasia,Sanzana,26,1998,CHI,Los Angeles,Estadio Municipal de Coronel,Outdoor,5G,3
68.3,,BRA,COTP Stadium,2024-02-24,Male,AL,Allan,Wolski,34,1990,BRA,São Paulo,COTP Stadium,Outdoor,HAM,3
13.38,0.7,BRA,COTP Stadium,2024-02-17,Male,AL,Eduardo,Rodrigues,29,1995,BRA,São Paulo,COTP Stadium,Outdoor,11H,3
6.63,1.7,COL,Pista de Atletismo - Parque Deportivo,2024-03-09,Female,AL,Natalia,Linares,21.0,2003.0,COL,Ibagué,Pista de Atletismo - Parque Deportivo,Outdoor,WEI,3
7.58,,BRA,Gobierno Autónomo Municipal de Cochabamba,2024-01-28,Male,AL,Eduardo,Rodrigues,29.0,1995.0,BOL,Cochabamba,Gobierno Autónomo Municipal de Cochabamba,Indoor,60H,3
39.67,,PAR,Pista de Atletismo SND,2024-03-02,Male,AL,,,,,PAR,Asunción,Pista de Atletismo SND,Outdoor,4×1,3
51.72,,GUY,SPIRE Institute Indoor Track & Field Facility,2024-02-24,Female,AL,Kenisha,Phillips,23.0,2001.0,USA,"Geneva, OH",SPIRE Institute Indoor Track & Field Facility,Indoor,400,3
8:20.02,,CHI,National Indoor Arena,2024-02-18,Male,AL,Juan,Peña,33.0,1991.0,IRL,"Abbotstown, Dublin",National Indoor Arena,Indoor,3K0,3
58.68,,BRA,Centro de Treinamento Paralímpico Brasileiro,2024-03-03,Male,AL,Douglas,Junior,29,1995,BRA,São Paulo,Centro de Treinamento Paralímpico Brasileiro,Outdoor,DIS,3
20.45,1.9,BRA,Centro de Treinamento Paralímpico Brasileiro,2024-02-25,Male,AL,Renan,Correa,20.0,2004.0,BRA,São Paulo,Centro de Treinamento Paralímpico Brasileiro,Outdoor,200,3
66.61,,CHI,Pista Atlética Lázaro Escobar,2024-03-02,Female,AL,Mariana,García,25,1999,CHI,Temuco,Pista Atlética Lázaro Escobar,Outdoor,HAM,3
44.52,,BRA,COTP Stadium,2024-03-02,Male,AL,Matheus,Lima,21.0,2003.0,BRA,São Paulo,COTP Stadium,Outdoor,400,3
1:32.84,,GUY,Gladstein Fieldhouse Indiana Un.,2024-01-19,Female,AL,Kenisha,Phillips,23,2001,USA,"Bloomington, IN",Gladstein Fieldhouse Indiana Un.,Indoor,600,3
10.26,-0.1,BRA,Centro de Treinamento Paralímpico Brasileiro,2024-02-25,Male,AL,Gabriel,Aparecido Dos Santos Garcia,27.0,1997.0,BRA,São Paulo,Centro de Treinamento Paralímpico Brasileiro,Outdoor,100,3
35:09.61,,COL,Estadio de Atletismo La Flora,2024-03-01,Female,AL,Muriel,Coneo Paredes,37,1987,COL,Bucaramanga,Estadio de Atletismo La Flora,Outdoor,10K,3
31:20.55,,COL,Estadio de Atletismo La Flora,2024-03-01,Male,AL,Javier,Peñaloza,24,2000,COL,Bucaramanga,Estadio de Atletismo La Flora,Outdoor,10K,3
3:52.49,,BOL,Gobierno Autónomo Municipal de Cochabamba,2024-01-28,Female,AL,,,,,BOL,Cochabamba,Gobierno Autónomo Municipal de Cochabamba,Indoor,4×4,3
1:49.56,,BRA,COTP Stadium,2024-02-24,Male,AL,Thiago,André,29.0,1995.0,BRA,São Paulo,COTP Stadium,Outdoor,800,3
43:27.48,,COL,AIS Athletics Track,2024-01-27,Female,AL,Lorena,Arenas,31,1993,AUS,Canberra,AIS Athletics Track,Outdoor,10G,3
2:47.49,,ECU,Sports Performance Center,2024-02-23,Female,AL,Carmen,Alder Caisalitin,21.0,2003.0,USA,"Lubbock, TX",Sports Performance Center,Indoor,1K0,3
2:29.36,,URU,Pista Prado,2024-02-17,Male,AL,Gonzalo,Gervasini,19,2005,URU,Montevideo,Pista Prado,Outdoor,1K0,3
7.27,,BRA,Pista de Atletismo do CNTA,2024-02-17,Female,AL,Anny,Caroline De Bassi,27.0,1997.0,BRA,Cascavel,Pista de Atletismo do CNTA,Indoor,60M,3
8.16,,COL,Gobierno Autónomo Municipal de Cochabamba,2024-01-25,Male,AL,Arnovis,Dalmero,24.0,2000.0,BOL,Cochabamba,Gobierno Autónomo Municipal de Cochabamba,Indoor,WEI,3
5.45,,COL,GVSU Kelly Family Sports Cente,2024-02-10,Male,AL,José,Tomas Nieto,23.0,2001.0,USA,"Allendale, MI",GVSU Kelly Family Sports Cente,Indoor,STA,3
60.18,,BRA,Centro de Treinamento Paralímpico Brasileiro,2024-03-03,Female,AL,Jucilene,Sales De Lima,34,1990,BRA,São Paulo,Centro de Treinamento Paralímpico Brasileiro,Outdoor,SPE,3
3:45.98,,BRA,CNDA,2024-01-10,Male,AL,Thiago,André,29.0,1995.0,BRA,Bragança Paulista,CNDA,Outdoor,1K5,3
17.74,,CHI,Gobierno Autónomo Municipal de Cochabamba,2024-01-27,Female,AL,Ivana,Xennia Gallardo,31,1993,BOL,Cochabamba,Gobierno Autónomo Municipal de Cochabamba,Indoor,KUG,3
2.21,,BRA,Gobierno Autónomo Municipal de Cochabamba,2024-01-28,Male,AL,Fernando,Ferreira,30.0,1994.0,BOL,Cochabamba,Gobierno Autónomo Municipal de Cochabamba,Indoor,HOC,3
4.41,,BRA,Dvorane Gradski Vrt,2024-02-20,Female,AL,Juliana,De Menis Campos,28,1996,CRO,Osijek,Dvorane Gradski Vrt,Indoor,STA,3
21.11,,BRA,Glasgow Arena,2024-03-01,Male,AL,Darlan,Romani,33.0,1991.0,GBR,Glasgow,Glasgow Arena,Indoor,KUG,3
16.63,,BRA,Glasgow Arena,2024-03-02,Male,AL,Almir,Dos Santos,31.0,1993.0,GBR,Glasgow,Glasgow Arena,Indoor,DRE,3
15:45.12,,CHI,Pista Atlética Lázaro Escobar,2024-03-02,Female,AL,Daniela,Paz,20,2004,CHI,Temuco,Pista Atlética Lázaro Escobar,Outdoor,3G,3
48.5,,COL,Estadio de Atletismo - Unidad Deportiva el Salitre,2024-02-23,Female,AL,,,,,COL,Bogotá,Estadio de Atletismo - Unidad Deportiva el Salitre,Outdoor,4×1,3
23.78,,PAN,Armory Track&Field Center,2024-02-23,Female,AL,Cristal,Chenoa Cuervo,22.0,2002.0,USA,"New York, NY",Armory Track&Field Center,Indoor,200,3
56.48,,BRA,COTP Stadium,2024-02-24,Female,AL,Chayenne,Da Silva,24.0,2000.0,BRA,São Paulo,COTP Stadium,Outdoor,40H,3
9:14.69,,COL,Estadio de Atletismo La Flora,2024-03-01,Male,AL,Frank,Geovani Duran,23,2001,COL,Bucaramanga,Estadio de Atletismo La Flora,Outdoor,3KH,3
14.04,,BRA,Gobierno Autónomo Municipal de Cochabamba,2024-01-28,Female,AL,Gabriele,Santos,29.0,1995.0,BOL,Cochabamba,Gobierno Autónomo Municipal de Cochabamba,Indoor,DRE,3
8.07,,VEN,Bob Devaney Sports Center,2024-02-03,Female,AL,Yoveinny,Mota,24.0,2000.0,USA,"Lincoln, NE",Bob Devaney Sports Center,Indoor,60H,3
51.07,,BRA,COTP Stadium,2024-02-24,Male,AL,Francisco,Guilherme Dos Reis Viana,25.0,1999.0,BRA,São Paulo,COTP Stadium,Outdoor,40H,3
2:04.56,,GUY,Bob Devaney Sports Center,2024-02-03,Female,AL,Aaliyah,Moore,,,USA,"Lincoln, NE",Bob Devaney Sports Center,Indoor,800,3
13.38,0.0,BRA,COTP Stadium,2024-02-17,Female,AL,Adelly,Oliveira Brito,37.0,1987.0,BRA,São Paulo,COTP Stadium,Outdoor,10H,3
4:17.14,,ARG,Glasgow Arena,2024-03-01,Female,AL,Fedra,Aldana Luna,29,1995,GBR,Glasgow,Glasgow Arena,Indoor,1K5,3
33.7,,GUY,Clemson Indoor Track & Field Complex,2024-01-13,Male,AL,Arinze,Chance,28,1996,USA,"Clemson, SC",Clemson Indoor Track & Field Complex,Indoor,300,3
13:59.91,,ARG,"R.A. ""Murray"" Fasken Indoor Track Stadium",2024-02-02,Male,AL,Tomas,Vega,22,2002,USA,"College Station, TX","R.A. ""Murray"" Fasken Indoor Track Stadium",Indoor,5K0,3
5:47.06,,VEN,Estadio Brigido Iriarte,2024-01-12,Male,AL,Jose,Gonzalez,30.0,1994.0,VEN,Caracas,Estadio Brigido Iriarte,Outdoor,2KH,3
4:33.04,,ECU,Dempsey Indoor,2024-02-10,Female,AL,Carmen,Alder Caisalitin,21.0,2003.0,USA,"Seattle, WA",Dempsey Indoor,Indoor,MEI,3
11.37,0.4,BRA,COTP Stadium,2024-03-02,Female,AL,Gabriela,Aline Grunow,26.0,1998.0,BRA,São Paulo,COTP Stadium,Outdoor,100,3
61.55,,BRA,Centro de Treinamento Paralímpico Brasileiro,2024-03-03,Female,AL,Izabela,Da Silva,29.0,1995.0,BRA,São Paulo,Centro de Treinamento Paralímpico Brasileiro,Outdoor,DIS,3
76.61,,BRA,Centro de Treinamento Paralímpico Brasileiro,2024-03-03,Male,AL,Luiz,Mauricio Da Silva,24.0,2000.0,BRA,São Paulo,Centro de Treinamento Paralímpico Brasileiro,Outdoor,SPE,3
13:05.93,,CHI,Pista Atlética Lázaro Escobar,2024-03-02,Male,AL,Luis,Navarrete Contreras,21,2003,CHI,Temuco,Pista Atlética Lázaro Escobar,Outdoor,3G,3
1.85,,BRA,Gobierno Autónomo Municipal de Cochabamba,2024-01-28,Female,AL,Valdileia,Martins,35.0,1989.0,BOL,Cochabamba,Gobierno Autónomo Municipal de Cochabamba,Indoor,HOC,3
1.85,,COL,Pista de Atletismo - Parque Deportivo,2024-03-10,Female,AL,Maria,Isabel Arboleda,19.0,2005.0,COL,Ibagué,Pista de Atletismo - Parque Deportivo,Outdoor,HOC,3
4:10.15,,CHI,National Indoor Arena,2024-02-07,Male,AL,Juan,Peña,33,1991,IRL,"Abbotstown, Dublin",National Indoor Arena,Indoor,MEI,3
9:26.77,,PAN,Armory Track&Field Center,2024-01-27,Female,AL,Rolanda,Bell,37.0,1987.0,USA,"New York, NY",Armory Track&Field Center,Indoor,3K0,3
6.51,,KEN,AccorHotels Arena de Bercy,2024-02-11,Male,AL,Ferdinand,Omanyala,28.0,1996.0,FRA,Paris,AccorHotels Arena de Bercy,Indoor,60M,4
1:14.88,,MAR,Clemson Indoor Track & Field Complex,2024-01-27,Male,AL,Oussama,El Bouchayby,26.0,1998.0,USA,"Clemson, SC",Clemson Indoor Track & Field Complex,Indoor,600,4
14:42.94,,ETH,Boston Univ. Track & Tennis Center,2024-01-27,Female,AL,Senayet,Getachew,19.0,2005.0,USA,"Boston, MA",Boston Univ. Track & Tennis Center,Indoor,5K0,4
7:00.15,,RSA,Pilditch Stadium,2024-03-09,Female,AL,Elizma,Le Roux,17.0,2007.0,RSA,Pretoria,Pilditch Stadium,Outdoor,2KH,4
3:04.99,,KEN,Ulinzi Sports Complex,2024-01-06,Male,AL,,,,,KEN,"Langata, Nairobi",Ulinzi Sports Complex,Outdoor,4×4,4
9:43.05,,KEN,Nyayo National Stadium,2024-03-06,Female,AL,Caren,Chebet,24.0,2000.0,KEN,Nairobi,Nyayo National Stadium,Outdoor,3KH,4
24:53.44,,RSA,McArthur Stadium,2024-02-14,Female,AL,Marissa,Swanepoel,22,2002,RSA,Potchefstroom,McArthur Stadium,Outdoor,5G,4
70.39,,RSA,McArthur Stadium,2024-02-20,Male,AL,Alan,Cumming,28,1996,RSA,Potchefstroom,McArthur Stadium,Outdoor,HAM,4
13.85,-0.2,RSA,Pilditch Stadium,2024-03-09,Male,AL,SW,Nel,22.0,2002.0,RSA,Pretoria,Pilditch Stadium,Outdoor,11H,4
6.87,,NGR,Sports Performance Center,2024-02-09,Female,AL,Ruth,Usoro,27.0,1997.0,USA,"Lubbock, TX",Sports Performance Center,Indoor,WEI,4
7.66,,NIG,Halle Michel d'Ornano,2024-02-07,Male,AL,Saguirou,Badamassi,24.0,2000.0,FRA,Mondeville,Halle Michel d'Ornano,Indoor,60H,4
39.73,,KEN,Nyayo National Stadium,2024-01-27,Male,AL,,,,,KEN,Nairobi,Nyayo National Stadium,Outdoor,4×1,4
51.25,,KEN,Nyayo National Stadium,2024-03-06,Female,AL,Mary,Moraa,24.0,2000.0,KEN,Nairobi,Nyayo National Stadium,Outdoor,400,4
7:25.82,,ETH,Arena,2024-02-06,Male,AL,Selemon,Barega,24.0,2000.0,POL,Toruń,Arena,Indoor,3K0,4
58.16,,NAM,McArthur Stadium,2024-02-27,Male,AL,Ryan,Williams,24.0,2000.0,RSA,Potchefstroom,McArthur Stadium,Outdoor,DIS,4
20.29,,ZIM,Sports Performance Center,2024-01-13,Male,AL,Tapiwanashe,Makarawu,24.0,2000.0,USA,"Lubbock, TX",Sports Performance Center,Indoor,200,4
67.04,,ALG,Miloud HEDEFI Athletics Stadium,2024-03-01,Female,AL,Zahra,Tatar,32,1992,ALG,Oran,Miloud HEDEFI Athletics Stadium,Outdoor,HAM,4
4:51.23,,ETH,Arena Stade Couvert,2024-02-10,Male,AL,Lamecha,Girma,24,2000,FRA,Liévin,Arena Stade Couvert,Indoor,2K0,4
45.16,,BOT,Pilditch Stadium,2024-02-10,Male,AL,Bayapo,Ndori,25.0,1999.0,RSA,Pretoria,Pilditch Stadium,Outdoor,400,4
1:28.22,,KEN,Clemson Indoor Track & Field Complex,2024-01-12,Female,AL,Gladys,Chepngetich,,,USA,"Clemson, SC",Clemson Indoor Track & Field Complex,Indoor,600,4
10.1,0.9,NGR,Navy New Sport Center,2024-01-27,Male,AL,Emmanuel,Ekanem Consider,20.0,2004.0,NGR,Lagos,Navy New Sport Center,Outdoor,100,4
32:04.08,,RSA,Pilditch Stadium,2024-03-08,Female,AL,Glenrose,Xaba,30.0,1994.0,RSA,Pretoria,Pilditch Stadium,Outdoor,10K,4
27:54.43,,KEN,Rishon Letzion,2024-02-15,Male,AL,Naibei,Kiplimo Mayebei,24.0,2000.0,ISR,Rishon Letzion,,Outdoor,10K,4
3:36.16,,KEN,Nyayo National Stadium,2024-01-27,Female,AL,,,,,KEN,Nairobi,Nyayo National Stadium,Outdoor,4×4,4
1:44.07,,KEN,Nyayo National Stadium,2024-03-06,Male,AL,Alex,Ngeno Kipngetich,24.0,2000.0,KEN,Nairobi,Nyayo National Stadium,Outdoor,800,4
46:30.27,,ALG,Miloud HEDEFI Athletics Stadium,2024-03-01,Female,AL,Souad,Azzi,25.0,1999.0,ALG,Oran,Miloud HEDEFI Athletics Stadium,Outdoor,10G,4
2:37.26,,KEN,Dempsey Indoor,2024-01-26,Female,AL,Dorcas,Ewoi,,,USA,"Seattle, WA",Dempsey Indoor,Indoor,1K0,4
2:17.61,,MAR,Topsporthal Vlaanderen,2024-02-03,Male,AL,Abdelati,El Guesse,31.0,1993.0,BEL,Gent,Topsporthal Vlaanderen,Indoor,1K0,4
7.1,,NGR,Sports Performance Center,2024-02-09,Female,AL,Rosemary,Chukwuma,23.0,2001.0,USA,"Lubbock, TX",Sports Performance Center,Indoor,60M,4
8.3,1.3,RSA,Pilditch Stadium,2024-03-09,Male,AL,Jovan,Van Vuuren,28.0,1996.0,RSA,Pretoria,Pilditch Stadium,Outdoor,WEI,4
5.45,,RSA,Minnesota Fieldhouse,2024-01-27,Male,AL,Kyle,Rademeyer,22.0,2002.0,USA,"Minneapolis, MN",Minnesota Fieldhouse,Indoor,STA,4
62.24,,RSA,McArthur Stadium,2024-02-14,Female,AL,Jo-Ane,Van Dyk,27.0,1997.0,RSA,Potchefstroom,McArthur Stadium,Outdoor,SPE,4
6.73,,CMR,Salle du Centre Mondial du Cyclisme,2024-01-20,Female,AL,Anastasie,Tsogo,21,2003,SUI,Aigle,Salle du Centre Mondial du Cyclisme,Indoor,50M,4
3:34.44,,KEN,Arena Stade Couvert,2024-02-10,Male,AL,Vincent,Kibet Keter,22.0,2002.0,FRA,Liévin,Arena Stade Couvert,Indoor,1K5,4
17.79,,RSA,Bob Devaney Sports Center,2024-02-03,Female,AL,Miné,De Klerk,21.0,2003.0,USA,"Lincoln, NE",Bob Devaney Sports Center,Indoor,KUG,4
2.23,,NGR,Sports Performance Center,2024-02-24,Male,AL,Omamuyovwi,Erhire,22.0,2002.0,USA,"Lubbock, TX",Sports Performance Center,Indoor,HOC,4
4.11,,RSA,Omnisport,2024-01-27,Female,AL,Mirè,Reinstorf,22.0,2002.0,NED,Apeldoorn,Omnisport,Indoor,STA,4
4.11,,RSA,Omnisport,2024-01-27,Female,AL,Sydney,Rothman,17.0,2007.0,NED,Apeldoorn,Omnisport,Indoor,STA,4
40:14.25,,ALG,Miloud HEDEFI Athletics Stadium,2024-03-01,Male,AL,Ismail,Benhammouda,21.0,2003.0,ALG,Oran,Miloud HEDEFI Athletics Stadium,Outdoor,10G,4
21.63,,NGR,Sportovní Hala,2024-02-20,Male,AL,Chukwuebuka,Cornnell Enekwechi,31.0,1993.0,CZE,Nehvizdy,Sportovní Hala,Indoor,KUG,4
17.53,,BUR,Glasgow Arena,2024-03-02,Male,AL,Hugues,Fabrice Zango,31.0,1993.0,GBR,Glasgow,Glasgow Arena,Indoor,DRE,4
14:57.25,,RSA,McArthur Stadium,2024-01-30,Female,AL,Althea,Taylor,28,1996,RSA,Potchefstroom,McArthur Stadium,Outdoor,3G,4
19:43.64,,ALG,Complexe Olympique Mohamed Boudiaf,2024-01-06,Male,AL,Ismail,Benhammouda,21,2003,ALG,Algiers,Complexe Olympique Mohamed Boudiaf,Outdoor,5G,4
35.99,,NGR,The Track at New Balance,2024-02-04,Female,AL,Favour,Ofili,22.0,2002.0,USA,"Boston, MA",The Track at New Balance,Indoor,300,4
46.4,,KEN,Nyayo National Stadium,2024-01-27,Female,AL,,,,,KEN,Nairobi,Nyayo National Stadium,Outdoor,4×1,4
22.87,,NGR,Randal Tyson Indoor Center,2024-01-26,Female,AL,Favour,Ofili,22.0,2002.0,USA,"Fayetteville, AR",Randal Tyson Indoor Center,Indoor,200,4
58.63,,RSA,Pilditch Stadium,2024-03-08,Female,AL,Tumi,Ramokgopa,17.0,2007.0,RSA,Pretoria,Pilditch Stadium,Outdoor,40H,4
8:22.72,,KEN,Nyayo National Stadium,2024-03-06,Male,AL,Amos,Serem,22.0,2002.0,KEN,Nairobi,Nyayo National Stadium,Outdoor,3KH,4
13.89,,NGR,Sports Performance Center,2024-01-20,Female,AL,Ruth,Usoro,27.0,1997.0,USA,"Lubbock, TX",Sports Performance Center,Indoor,DRE,4
7.75,,NGR,The Track at New Balance,2024-02-04,Female,AL,Tobi,Amusan,27.0,1997.0,USA,"Boston, MA",The Track at New Balance,Indoor,60H,4
49.14,,BOT,National Stadium,2024-02-17,Male,AL,Victor,Ntweng,29.0,1995.0,BOT,Gaborone,National Stadium,Outdoor,40H,4
1:57.86,,ETH,Arena,2024-02-06,Female,AL,Habitam,Alemu,27.0,1997.0,POL,Toruń,Arena,Indoor,800,4
13.18,-0.8,RSA,Pilditch Stadium,2024-02-10,Female,AL,Taylon,Bieldt,26.0,1998.0,RSA,Pretoria,Pilditch Stadium,Outdoor,10H,4
3:55.28,,ETH,Arena,2024-02-06,Female,AL,Freweyni,Hailu,23.0,2001.0,POL,Toruń,Arena,Indoor,1K5,4
30.69,,BOT,Pilditch Stadium,2024-02-17,Male,AL,Letsile,Tebogo,21.0,2003.0,RSA,Pretoria,Pilditch Stadium,Outdoor,300,4
12:56.76,,RSA,Boston Univ. Track & Tennis Center,2024-01-26,Male,AL,Adriaan,Wildschutt,26.0,1998.0,USA,"Boston, MA",Boston Univ. Track & Tennis Center,Indoor,5K0,4
5.71,,NGR,Field House,2024-01-26,Male,AL,Usheoritse,Itsekiri,26.0,1998.0,CAN,Saskatoon,Field House,Indoor,50M,4
5:51.75,,RSA,McArthur Stadium,2024-02-20,Male,AL,Tumisang,Monatlala,29.0,1995.0,RSA,Potchefstroom,McArthur Stadium,Outdoor,2KH,4
4:17.36,,ETH,Atletická hala,2024-01-30,Female,AL,Freweyni,Hailu,23.0,2001.0,CZE,Ostrava,Atletická hala,Indoor,MEI,4
11.19,0.2,NGR,Stephen Keshi Stadium,2024-02-18,Female,AL,Olayinka,Olajide,22.0,2002.0,NGR,Asaba,Stephen Keshi Stadium,Outdoor,100,4
58.43,,NGR,Jack Rose Track,2024-03-02,Female,AL,Chioma,Onyekwere,30.0,1994.0,USA,"Long Beach, CA",Jack Rose Track,Outdoor,DIS,4
79.62,,RSA,Athletics Track,2024-02-10,Male,AL,Rocco,Van Rooyen,32.0,1992.0,RSA,"Parow, Cape Town",Athletics Track,Outdoor,SPE,4
12:23.54,,RSA,McArthur Stadium,2024-01-30,Male,AL,Antonio,Farmer,24,2000,RSA,Potchefstroom,McArthur Stadium,Outdoor,3G,4
1.96,,NGR,Sports Performance Center,2024-01-19,Female,AL,Temitope,Simbiat Adeshina,26.0,1998.0,USA,"Lubbock, TX",Sports Performance Center,Indoor,HOC,4
3:51.91,,MAR,Boston Univ. Track & Tennis Center,2024-02-10,Male,AL,Anass,Essayi,23.0,2001.0,USA,"Boston, MA",Boston Univ. Track & Tennis Center,Indoor,MEI,4
8:17.11,,ETH,Arena Stade Couvert,2024-02-10,Female,AL,Gudaf,Tsegay,27.0,1997.0,FRA,Liévin,Arena Stade Couvert,Indoor,3K0,4
6.5,,OMA,Aftab Enghelab Sport Complex,2024-02-18,Male,AL,Ali,Anwar Ali Al Balushi,22,2002,IRI,Tehran,Aftab Enghelab Sport Complex,Indoor,60M,5
1:18.29,,JPN,SPIRE Institute Indoor Track & Field Facility,2024-02-23,Male,AL,Yukichi,Ishii,22.0,2002.0,USA,"Geneva, OH",SPIRE Institute Indoor Track & Field Facility,Indoor,600,5
15:26.06,,CHN,Dempsey Indoor,2024-02-23,Female,AL,Wuga,He,26.0,1998.0,USA,"Seattle, WA",Dempsey Indoor,Indoor,5K0,5
7:28.54,,TPE,Taipei Municipal Stadium,2024-02-01,Female,AL,Ying-Ying,Wang,15,2009,TPE,Taipei City,Taipei Municipal Stadium,Outdoor,2KH,5
3:11.13,,INT,Clemson Indoor Track & Field Complex,2024-01-13,Male,AL,,,,,USA,"Clemson, SC",Clemson Indoor Track & Field Complex,Indoor,4×4,
10:10.08,,IND,SAI Regional Centre Sarojini Nagar,2024-03-10,Female,AL,Ekta,Pradeep,19,2005,IND,Lucknow,SAI Regional Centre Sarojini Nagar,Outdoor,3KH,5
24:52.18,,KAZ,Athletic Center Olga Rypakova,2024-02-22,Female,AL,Sabrina,Arziyeva,18,2006,KAZ,Ust-Kamenogorsk,Athletic Center Olga Rypakova,Indoor,5G,5
70.25,,CHN,Yunost Stadium,2024-02-18,Male,AL,Peixun,Li,24.0,2000.0,RUS,"Adler, Sochi",Yunost Stadium,Outdoor,HAM,5
13.71,2.0,JPN,Nga Puna Wai Sports Hub,2024-02-24,Male,AL,Tatsuki,Abe,21.0,2003.0,NZL,Christchurch,Nga Puna Wai Sports Hub,Outdoor,11H,5
6.55,,CHN,Aftab Enghelab Sport Complex,2024-02-17,Female,AL,Shiqi,Xiong,20,2004,IRI,Tehran,Aftab Enghelab Sport Complex,Indoor,WEI,5
6.55,,CHN,Xi'an,2024-03-03,Female,AL,Mengyi,Tan,22,2002,CHN,Xi'an,,Indoor,WEI,5
7.58,,KUW,Helmut-Körnig-Halle,2024-01-20,Male,AL,Yaqoub,Alyouha,31.0,1993.0,GER,Dortmund,Helmut-Körnig-Halle,Indoor,60H,5
7.58,,CHN,Track & Field complex QAZAQSTAN,2024-01-27,Male,AL,Junxi,Liu,21.0,2003.0,KAZ,Astana,Track & Field complex QAZAQSTAN,Indoor,60H,5
39.64,,HKG,Queensland Sport and Athletics Centre,2024-02-24,Male,AL,,,,,AUS,"Nathan, Brisbane",Queensland Sport and Athletics Centre,Outdoor,4×1,5
53.1,,CHN,Xipu Training Base Indoor Athletics Stadium,2024-02-28,Female,AL,Jiadie,Mo,24.0,2000.0,CHN,Chengdu,Xipu Training Base Indoor Athletics Stadium,Indoor,400,5
7:42.56,,JPN,Armory Track&Field Center,2024-02-11,Male,AL,Keita,Satoh,20.0,2004.0,USA,"New York, NY",Armory Track&Field Center,Indoor,3K0,5
3:37.46,,TPE,Taipei Municipal Stadium,2024-02-03,Mixed,AL,,,,,TPE,Taipei City,Taipei Municipal Stadium,Outdoor,4×4,5
60.59,,CHN,Jack Rose Track,2024-03-02,Male,AL,Abuduaini,Tuergong,27.0,1997.0,USA,"Long Beach, CA",Jack Rose Track,Outdoor,DIS,5
21.03,0.2,SRI,Mahinda Rajapaksha Stadium,2024-03-01,Male,AL,Aruna,Dharshana,25.0,1999.0,SRI,Diyagama,Mahinda Rajapaksha Stadium,Outdoor,200,5
71.67,,CHN,Stadion Bürgerpark Nord,2024-02-03,Female,AL,Jiangyan,Li,25,1999,GER,Darmstadt,Stadion Bürgerpark Nord,Outdoor,HAM,5
45.83,,SRI,Mahinda Rajapaksha Stadium,2024-03-02,Male,AL,Kalinga,Kumarage,32.0,1992.0,SRI,Diyagama,Mahinda Rajapaksha Stadium,Outdoor,400,5
1:30.33,,PHI,Rector Fieldhouse,2024-01-19,Female,AL,Lauren,Hoffman,25.0,1999.0,USA,"Blacksburg, VA",Rector Fieldhouse,Indoor,600,5
10.22,1.3,JPN,Nga Puna Wai Sports Hub,2024-02-24,Male,AL,Taju,Hongo,25.0,1999.0,NZL,Christchurch,Nga Puna Wai Sports Hub,Outdoor,100,5
35:25.06,,SRI,Mahinda Rajapaksha Stadium,2024-03-01,Female,AL,W.A.M.Rasara,Wijesuriya,22,2002,SRI,Diyagama,Mahinda Rajapaksha Stadium,Outdoor,10K,5
30:14.00,,IND,SAI Regional Centre Sarojini Nagar,2024-03-08,Male,AL,Vinod,Singh,19,2005,IND,Lucknow,SAI Regional Centre Sarojini Nagar,Outdoor,10K,5
3:40.67,,CHN,Xipu Training Base Indoor Athletics Stadium,2024-02-28,Female,AL,,,,,CHN,Chengdu,Xipu Training Base Indoor Athletics Stadium,Indoor,4×4,5
1:46.64,,QAT,Aspire Academy Warm Up Track,2024-03-07,Male,AL,Abraham,Dhuor Chout,20.0,2004.0,QAT,Doha,Aspire Academy Warm Up Track,Outdoor,800,5
44:05.50,,CHN,AIS Athletics Track,2024-01-27,Female,AL,Hong,Liu,37,1987,AUS,Canberra,AIS Athletics Track,Outdoor,10G,5
2:22.12,,JPN,Ashenfelter Indoor Track,2024-01-13,Male,AL,Yukichi,Ishii,22,2002,USA,"State College, PA",Ashenfelter Indoor Track,Indoor,1K0,5
7.2,,IRI,Aftab Enghelab Sport Complex,2024-02-18,Female,AL,Fasihi,Farzaneh,31,1993,IRI,Tehran,Aftab Enghelab Sport Complex,Indoor,60M,5
8.11,,CHN,Xi'an,2024-03-02,Male,AL,Heng,Shu,20,2004,CHN,Xi'an,,Indoor,WEI,5
5.93,,PHI,Mercedes-Benz Arena,2024-02-23,Male,AL,Ernest,John Obiena,29.0,1995.0,GER,Berlin,Mercedes-Benz Arena,Indoor,STA,5
59.23,,JPN,Douglas Track & Field,2024-03-10,Female,AL,Yuka,Sato,32.0,1992.0,NZL,Auckland,Douglas Track & Field,Outdoor,SPE,5
3:37.13,,JPN,The Crest Athletics Centre,2024-02-22,Male,AL,Ryoji,Tatezawa,27.0,1997.0,AUS,"Bankstown, Sydney",The Crest Athletics Centre,Outdoor,1K5,5
19.65,,CHN,Turnhalle Am Regenbogen,2024-02-04,Female,AL,Lijiao,Gong,35.0,1989.0,GER,Rochlitz,Turnhalle Am Regenbogen,Indoor,KUG,5
2.33,,KOR,Městská sportovní hala,2024-02-10,Male,AL,Sanghyeok,Woo,28.0,1996.0,CZE,Hustopeče,Městská sportovní hala,Indoor,HOC,5
4.51,,CHN,Aftab Enghelab Sport Complex,2024-02-19,Female,AL,Ling,Li,35.0,1989.0,IRI,Tehran,Aftab Enghelab Sport Complex,Indoor,STA,5
41:55.40,,IND,SAI Regional Centre Sarojini Nagar,2024-03-09,Male,AL,Himanshu,Kumar,18,2006,IND,Lucknow,SAI Regional Centre Sarojini Nagar,Outdoor,10G,5
20.11,,KSA,Stadium Miramas Métropole,2024-02-02,Male,AL,Mohamed,Daouda Tolo,23.0,2001.0,FRA,Miramas,Stadium Miramas Métropole,Indoor,KUG,5
16.93,,CHN,Glasgow Arena,2024-03-02,Male,AL,Yaoqing,Fang,28.0,1996.0,GBR,Glasgow,Glasgow Arena,Indoor,DRE,5
21:46.37,,KAZ,Athletic Center Olga Rypakova,2024-02-23,Male,AL,Zharylkasyn,Egizbay,18,2006,KAZ,Ust-Kamenogorsk,Athletic Center Olga Rypakova,Indoor,5G,5
47.8,,HKG,Joint Sports Centre,2024-03-03,Female,AL,,,,,HKG,Hong Kong,Joint Sports Centre,Outdoor,4×1,5
23.57,,PHI,Randal Tyson Indoor Center,2024-02-16,Female,AL,Kristina,Marie Knott,29.0,1995.0,USA,"Fayetteville, AR",Randal Tyson Indoor Center,Indoor,200,5
58.65,,JPN,Douglas Track & Field,2024-03-10,Female,AL,Eri,Utsunomiya,31.0,1993.0,NZL,Auckland,Douglas Track & Field,Outdoor,40H,5
8:42.49,,JPN,AIS Athletics Track,2024-03-02,Male,AL,Yutaro,Niinae,23.0,2001.0,AUS,Canberra,AIS Athletics Track,Outdoor,3KH,5
13.81,,CHN,Xipu Training Base Indoor Athletics Stadium,2024-02-28,Female,AL,Jie,Chen,26,1998,CHN,Chengdu,Xipu Training Base Indoor Athletics Stadium,Indoor,DRE,5
8.09,,JPN,Halle Michel d'Ornano,2024-02-07,Female,AL,Yumi,Tanaka,26,1998,FRA,Mondeville,Halle Michel d'Ornano,Indoor,60H,5
48.91,,QAT,McArthur Stadium,2024-02-20,Male,AL,Ismail,Doudai Abakar,20.0,2004.0,RSA,Potchefstroom,McArthur Stadium,Outdoor,40H,5
2:05.46,,SRI,Mahinda Rajapaksha Stadium,2024-03-01,Female,AL,Nimali,Waliwarsha,35,1989,SRI,Diyagama,Mahinda Rajapaksha Stadium,Outdoor,800,5
13.19,0.3,JPN,Lakeside Stadium,2024-02-15,Female,AL,Yumi,Tanaka,26.0,1998.0,AUS,Melbourne,Lakeside Stadium,Outdoor,10H,5
4:08.46,,JPN,The Track at New Balance,2024-02-04,Female,AL,Nozomi,Tanaka,25,1999,USA,"Boston, MA",The Track at New Balance,Indoor,1K5,5
35.56,,QAT,McArthur Stadium,2024-02-06,Male,AL,,,,,RSA,Potchefstroom,McArthur Stadium,Outdoor,300,5
13:09.45,,JPN,Boston Univ. Track & Tennis Center,2024-01-26,Male,AL,Keita,Satoh,20.0,2004.0,USA,"Boston, MA",Boston Univ. Track & Tennis Center,Indoor,5K0,5
4:47.54,,JPN,Vanderbilt Multipurpose Facility,2024-01-20,Female,AL,Helena,May Lindsay,,,USA,"Nashville, TN",Vanderbilt Multipurpose Facility,Indoor,MEI,5
11.78,1.1,IRI,Jack Rose Track,2024-03-02,Female,AL,Maryam,Toosi,36.0,1988.0,USA,"Long Beach, CA",Jack Rose Track,Outdoor,100,5
53.22,,JPN,Kyushu Kyoritsu University Stadium,2024-02-18,Female,AL,Nanaka,Kori,27.0,1997.0,JPN,Kitakyushu,Kyushu Kyoritsu University Stadium,Outdoor,DIS,5
83.37,,JPN,Douglas Track & Field,2024-03-10,Male,AL,Ryohei,Arai,33.0,1991.0,NZL,Auckland,Douglas Track & Field,Outdoor,SPE,5
1.93,,UZB,Športová hala Dukla,2024-02-13,Female,AL,Safina,Sadullayeva,26.0,1998.0,SVK,Banská Bystrica,Športová hala Dukla,Indoor,HOC,1
3:54.84,,JPN,Boston Univ. Track & Tennis Center,2024-02-10,Male,AL,Ryoma,Aoki,27.0,1997.0,USA,"Boston, MA",Boston Univ. Track & Tennis Center,Indoor,MEI,5
8:36.03,,JPN,Glasgow Arena,2024-03-02,Female,AL,Nozomi,Tanaka,25.0,1999.0,GBR,Glasgow,Glasgow Arena,Indoor,3K0,5
